AccelX1, AccelY1, AccelZ1, GyroX1, GyroY1, GyroZ1, AccelX2, AccelY2, AccelZ2, GyroX2, GyroY2, GyroZ2
-0.07,-0.14,9.84,0.06,-0.11,-0.01,-0.08,0.21,9.87,0.03,-0.05,-0.01
-0.07,-0.14,9.86,0.06,-0.11,-0.01,-0.08,0.21,9.90,0.03,-0.05,-0.01
-0.07,-0.13,9.87,0.06,-0.11,-0.01,-0.08,0.21,9.90,0.03,-0.05,-0.01
-0.07,-0.13,9.87,0.06,-0.11,-0.02,-0.07,0.21,9.92,0.03,-0.05,-0.01
-0.07,-0.12,9.88,0.06,-0.11,-0.02,-0.07,0.22,9.92,0.03,-0.05,-0.01
-0.06,-0.14,9.88,0.06,-0.11,-0.01,-0.07,0.22,9.92,0.03,-0.05,-0.01
-0.07,-0.14,9.89,0.06,-0.11,-0.01,-0.07,0.22,9.92,0.03,-0.05,-0.01
-0.07,-0.13,9.89,0.06,-0.11,-0.02,-0.08,0.22,9.93,0.03,-0.05,-0.01
-0.07,-0.12,9.90,0.05,-0.11,-0.02,-0.08,0.22,9.94,0.03,-0.05,-0.01
-0.07,-0.14,9.89,0.05,-0.11,-0.01,-0.08,0.22,9.94,0.03,-0.05,-0.01
-0.06,-0.13,9.90,0.06,-0.11,-0.01,-0.08,0.22,9.94,0.03,-0.05,-0.01
-0.07,-0.13,9.90,0.06,-0.11,-0.01,-0.08,0.22,9.94,0.03,-0.05,-0.01
-0.07,-0.12,9.90,0.06,-0.11,-0.01,-0.08,0.22,9.95,0.03,-0.05,-0.01
-0.07,-0.12,9.89,0.06,-0.11,-0.01,-0.07,0.22,9.94,0.03,-0.05,-0.01
-0.07,-0.12,9.90,0.06,-0.11,-0.02,-0.08,0.22,9.95,0.03,-0.05,-0.01
-0.06,-0.13,9.90,0.06,-0.11,-0.01,-0.08,0.22,9.95,0.03,-0.05,-0.01
-0.07,-0.13,9.92,0.06,-0.11,-0.02,-0.08,0.22,9.95,0.03,-0.05,-0.01
-0.07,-0.13,9.90,0.06,-0.11,-0.01,-0.07,0.22,9.96,0.03,-0.05,-0.01
-0.07,-0.12,9.91,0.06,-0.11,-0.01,-0.08,0.22,9.95,0.03,-0.05,-0.01
-0.07,-0.13,9.91,0.06,-0.11,-0.01,-0.08,0.22,9.95,0.03,-0.05,-0.01
-0.08,-0.13,9.90,0.05,-0.11,-0.01,-0.07,0.22,9.95,0.03,-0.05,-0.01
-0.06,-0.12,9.90,0.05,-0.11,-0.01,-0.08,0.22,9.96,0.03,-0.05,-0.01
-0.07,-0.13,9.91,0.05,-0.11,-0.02,-0.09,0.21,9.96,0.03,-0.05,-0.01
-0.07,-0.13,9.90,0.06,-0.11,-0.01,-0.09,0.21,9.96,0.03,-0.05,-0.01
-0.06,-0.13,9.91,0.06,-0.11,-0.01,-0.08,0.22,9.95,0.03,-0.05,-0.01
-0.07,-0.13,9.91,0.06,-0.11,-0.02,-0.08,0.22,9.95,0.03,-0.05,-0.01
-0.06,-0.13,9.91,0.05,-0.11,-0.02,-0.08,0.22,9.96,0.03,-0.05,-0.01
-0.06,-0.12,9.90,0.05,-0.11,-0.01,-0.08,0.22,9.95,0.03,-0.05,-0.01
-0.06,-0.13,9.92,0.05,-0.11,-0.01,-0.08,0.22,9.95,0.03,-0.05,-0.01
-0.06,-0.12,9.92,0.06,-0.11,-0.01,-0.07,0.22,9.95,0.03,-0.05,-0.01
-0.07,-0.12,9.91,0.06,-0.11,-0.01,-0.07,0.22,9.97,0.03,-0.05,-0.01
-0.06,-0.13,9.91,0.06,-0.11,-0.01,-0.08,0.22,9.96,0.03,-0.05,-0.01
-0.06,-0.12,9.91,0.06,-0.11,-0.01,-0.08,0.22,9.96,0.03,-0.05,-0.01
-0.08,-0.12,9.91,0.05,-0.11,-0.01,-0.08,0.22,9.96,0.03,-0.05,-0.01
-0.07,-0.13,9.91,0.06,-0.11,-0.01,-0.07,0.21,9.95,0.03,-0.05,-0.01
-0.06,-0.13,9.91,0.06,-0.11,-0.01,-0.07,0.21,9.96,0.03,-0.05,-0.01
-0.07,-0.12,9.91,0.05,-0.11,-0.02,-0.07,0.21,9.96,0.03,-0.05,-0.01
-0.07,-0.13,9.90,0.06,-0.11,-0.02,-0.07,0.22,9.96,0.03,-0.05,-0.01
-0.07,-0.12,9.91,0.05,-0.11,-0.01,-0.08,0.22,9.96,0.03,-0.05,-0.01
-0.07,-0.13,9.91,0.06,-0.11,-0.02,-0.08,0.22,9.97,0.03,-0.05,-0.01
-0.06,-0.12,9.91,0.06,-0.11,-0.02,-0.08,0.22,9.97,0.03,-0.05,-0.01
-0.06,-0.12,9.91,0.05,-0.11,-0.01,-0.09,0.21,9.96,0.03,-0.05,-0.01
-0.07,-0.13,9.91,0.05,-0.11,-0.02,-0.08,0.22,9.96,0.03,-0.05,-0.01
-0.08,-0.13,9.91,0.05,-0.11,-0.02,-0.08,0.22,9.97,0.03,-0.05,-0.01
-0.06,-0.13,9.90,0.06,-0.11,-0.01,-0.08,0.22,9.96,0.03,-0.05,-0.01
-0.07,-0.13,9.91,0.06,-0.11,-0.02,-0.08,0.22,9.96,0.03,-0.05,-0.01
-0.07,-0.12,9.91,0.05,-0.11,-0.01,-0.08,0.22,9.96,0.03,-0.05,-0.01
-0.06,-0.13,9.91,0.05,-0.11,-0.02,-0.07,0.22,9.96,0.03,-0.05,-0.01
-0.08,-0.13,9.91,0.05,-0.11,-0.01,-0.07,0.22,9.96,0.03,-0.05,-0.01
-0.07,-0.14,9.92,0.05,-0.11,-0.02,-0.07,0.22,9.96,0.03,-0.05,-0.01
-0.06,-0.13,9.91,0.05,-0.11,-0.01,-0.08,0.21,9.95,0.03,-0.05,-0.01
-0.06,-0.13,9.92,0.05,-0.11,-0.01,-0.09,0.22,9.96,0.03,-0.05,-0.01
-0.06,-0.13,9.91,0.05,-0.11,-0.01,-0.07,0.22,9.95,0.03,-0.05,-0.01
-0.08,-0.13,9.92,0.06,-0.11,-0.01,-0.07,0.22,9.95,0.03,-0.05,-0.01
-0.08,-0.12,9.91,0.06,-0.11,-0.01,-0.08,0.23,9.96,0.03,-0.05,-0.01
-0.05,-0.12,9.91,0.06,-0.11,-0.01,-0.06,0.22,9.97,0.03,-0.05,-0.01
-0.07,-0.13,9.92,0.06,-0.11,-0.02,-0.08,0.22,9.96,0.03,-0.05,-0.01
-0.07,-0.14,9.91,0.06,-0.11,-0.02,-0.08,0.21,9.95,0.03,-0.05,-0.01
-0.07,-0.11,9.93,0.06,-0.11,-0.02,-0.08,0.21,9.95,0.03,-0.05,-0.01
-0.09,-0.13,9.91,0.06,-0.11,-0.01,-0.09,0.21,9.98,0.03,-0.05,-0.01
-0.06,-0.13,9.91,0.06,-0.11,-0.01,-0.07,0.22,9.96,0.03,-0.05,-0.01
-0.07,-0.13,9.91,0.05,-0.11,-0.01,-0.08,0.21,9.94,0.03,-0.05,-0.01
-0.06,-0.12,9.91,0.05,-0.11,-0.02,-0.08,0.21,9.94,0.03,-0.05,-0.01
-0.07,-0.12,9.89,0.06,-0.11,-0.02,-0.07,0.22,9.96,0.03,-0.05,-0.01
-0.06,-0.12,9.92,0.06,-0.11,-0.02,-0.06,0.23,9.98,0.03,-0.05,-0.01
-0.08,-0.13,9.89,0.05,-0.11,-0.02,-0.05,0.22,9.97,0.03,-0.05,-0.01
-0.08,-0.14,9.92,0.06,-0.11,-0.01,-0.05,0.22,9.97,0.03,-0.05,-0.01
-0.04,-0.10,9.91,0.06,-0.11,-0.02,-0.11,0.20,9.93,0.03,-0.05,-0.01
-0.09,-0.14,9.91,0.06,-0.11,-0.01,-0.09,0.21,9.96,0.03,-0.05,-0.01
-0.05,-0.15,9.91,0.05,-0.11,-0.01,-0.07,0.23,9.98,0.03,-0.05,-0.01
-0.04,-0.14,9.90,0.05,-0.11,-0.01,-0.07,0.23,9.98,0.03,-0.05,-0.01
-0.08,-0.14,9.92,0.06,-0.11,-0.01,-0.07,0.24,9.98,0.03,-0.04,-0.01
-0.06,-0.12,9.91,0.05,-0.11,-0.02,-0.06,0.22,9.97,0.03,-0.05,-0.01
-0.06,-0.12,9.90,0.06,-0.11,-0.01,-0.05,0.23,9.96,0.03,-0.05,-0.01
-0.07,-0.13,9.92,0.05,-0.11,-0.01,-0.07,0.22,9.96,0.03,-0.05,-0.01
-0.06,-0.13,9.91,0.05,-0.11,-0.01,-0.07,0.22,9.96,0.03,-0.05,-0.01
-0.07,-0.13,9.92,0.06,-0.11,-0.02,-0.09,0.21,9.96,0.03,-0.05,-0.01
-0.06,-0.12,9.92,0.05,-0.11,-0.01,-0.08,0.22,9.96,0.03,-0.05,-0.01
-0.05,-0.13,9.91,0.06,-0.11,-0.01,-0.05,0.22,9.96,0.03,-0.05,-0.01
-0.09,-0.14,9.90,0.05,-0.11,-0.01,-0.05,0.22,9.96,0.03,-0.05,-0.01
-0.04,-0.14,9.91,0.05,-0.11,-0.01,-0.05,0.23,9.98,0.03,-0.05,-0.01
-0.06,-0.12,9.92,0.06,-0.11,-0.02,-0.06,0.23,9.96,0.03,-0.05,-0.01
-0.09,-0.12,9.91,0.06,-0.11,-0.01,-0.09,0.22,9.95,0.03,-0.05,-0.01
-0.04,-0.12,9.91,0.06,-0.11,-0.02,-0.09,0.22,9.95,0.03,-0.05,-0.01
-0.07,-0.13,9.92,0.05,-0.11,-0.02,-0.09,0.22,9.95,0.03,-0.05,-0.01
-0.08,-0.13,9.92,0.05,-0.11,-0.01,-0.07,0.22,9.96,0.03,-0.05,-0.01
-0.05,-0.13,9.91,0.06,-0.11,-0.01,-0.05,0.22,9.96,0.03,-0.05,-0.01
-0.08,-0.14,9.91,0.06,-0.11,-0.02,-0.06,0.22,9.97,0.03,-0.05,-0.01
-0.07,-0.12,9.91,0.05,-0.11,-0.01,-0.06,0.22,9.97,0.03,-0.05,-0.01
-0.05,-0.12,9.92,0.06,-0.11,-0.02,-0.08,0.21,9.96,0.03,-0.05,-0.01
-0.08,-0.14,9.91,0.05,-0.11,-0.01,-0.10,0.22,9.95,0.03,-0.05,-0.01
-0.06,-0.13,9.90,0.05,-0.11,-0.01,-0.09,0.22,9.96,0.03,-0.05,-0.01
-0.06,-0.13,9.90,0.06,-0.11,-0.02,-0.09,0.22,9.96,0.03,-0.05,-0.01
-0.08,-0.13,9.91,0.05,-0.11,-0.01,-0.07,0.22,9.97,0.03,-0.05,-0.01
-0.05,-0.12,9.92,0.05,-0.11,-0.01,-0.06,0.22,9.96,0.03,-0.05,-0.01
-0.06,-0.13,9.91,0.06,-0.11,-0.02,-0.06,0.23,9.97,0.03,-0.05,-0.01
-0.09,-0.13,9.91,0.05,-0.11,-0.01,-0.06,0.23,9.97,0.03,-0.05,-0.01
-0.05,-0.13,9.91,0.06,-0.11,-0.01,-0.07,0.22,9.97,0.03,-0.05,-0.01
-0.08,-0.13,9.91,0.06,-0.11,-0.01,-0.09,0.23,9.96,0.03,-0.05,-0.01
-0.07,-0.14,9.91,0.05,-0.11,-0.01,-0.08,0.22,9.95,0.03,-0.05,-0.01
-0.06,-0.13,9.91,0.06,-0.11,-0.02,-0.08,0.22,9.95,0.03,-0.05,-0.01
-0.08,-0.13,9.91,0.06,-0.11,-0.02,-0.08,0.21,9.97,0.03,-0.05,-0.01
-0.06,-0.14,9.92,0.05,-0.11,-0.01,-0.07,0.23,9.97,0.03,-0.05,-0.01
-0.06,-0.12,9.91,0.05,-0.11,-0.02,-0.07,0.22,9.97,0.03,-0.05,-0.01
-0.08,-0.13,9.91,0.05,-0.11,-0.01,-0.07,0.22,9.97,0.03,-0.05,-0.01
-0.08,-0.12,9.91,0.05,-0.11,-0.01,-0.07,0.22,9.97,0.03,-0.05,-0.01
-0.06,-0.13,9.92,0.06,-0.11,-0.02,-0.07,0.22,9.97,0.03,-0.05,-0.01
-0.07,-0.13,9.91,0.05,-0.11,-0.01,-0.08,0.22,9.96,0.03,-0.05,-0.01
-0.06,-0.12,9.91,0.05,-0.11,-0.01,-0.08,0.22,9.96,0.03,-0.05,-0.01
-0.06,-0.13,9.91,0.05,-0.11,-0.02,-0.08,0.22,9.96,0.03,-0.05,-0.01
-0.07,-0.13,9.92,0.06,-0.11,-0.01,-0.07,0.22,9.96,0.03,-0.05,-0.01
-0.06,-0.12,9.91,0.05,-0.11,-0.01,-0.06,0.22,9.98,0.03,-0.05,-0.01
-0.07,-0.13,9.91,0.05,-0.11,-0.01,-0.06,0.22,9.96,0.03,-0.05,-0.01
-0.08,-0.12,9.92,0.05,-0.11,-0.01,-0.06,0.22,9.96,0.03,-0.05,-0.01
-0.06,-0.13,9.92,0.06,-0.11,-0.02,-0.07,0.23,9.96,0.03,-0.05,-0.01
-0.06,-0.12,9.90,0.06,-0.11,-0.01,-0.08,0.23,9.97,0.03,-0.05,-0.01
-0.07,-0.13,9.91,0.05,-0.11,-0.01,-0.08,0.21,9.96,0.03,-0.05,-0.01
-0.06,-0.13,9.92,0.05,-0.11,-0.02,-0.07,0.22,9.97,0.03,-0.05,-0.01
-0.07,-0.13,9.91,0.05,-0.11,-0.01,-0.07,0.22,9.97,0.03,-0.05,-0.01
-0.06,-0.13,9.91,0.05,-0.11,-0.01,-0.08,0.22,9.95,0.03,-0.05,-0.01
-0.05,-0.12,9.92,0.06,-0.11,-0.01,-0.07,0.22,9.96,0.03,-0.05,-0.01
-0.06,-0.13,9.91,0.05,-0.11,-0.01,-0.08,0.22,9.96,0.03,-0.05,-0.01
-0.05,-0.13,9.91,0.05,-0.11,-0.01,-0.08,0.22,9.96,0.03,-0.05,-0.01
-0.07,-0.13,9.91,0.06,-0.11,-0.01,-0.08,0.22,9.96,0.03,-0.05,-0.01
-0.07,-0.12,9.92,0.05,-0.11,-0.01,-0.08,0.22,9.98,0.03,-0.05,-0.01
-0.06,-0.13,9.92,0.05,-0.11,-0.02,-0.08,0.22,9.95,0.03,-0.05,-0.01
-0.07,-0.13,9.91,0.06,-0.11,-0.02,-0.08,0.22,9.95,0.03,-0.05,-0.01
-0.07,-0.13,9.91,0.06,-0.11,-0.01,-0.07,0.22,9.94,0.03,-0.05,-0.01
0.36,0.03,9.91,0.05,-0.10,-0.02,-0.09,0.24,9.96,0.03,-0.04,-0.01
-0.39,-0.61,9.83,-0.13,0.03,-0.07,-0.34,-0.26,9.69,-0.07,0.05,-0.03
-0.30,-0.57,10.10,0.07,-0.13,-0.01,-0.34,-0.26,9.69,-0.07,0.05,-0.03
-0.20,-0.32,9.98,0.16,-0.19,-0.02,-0.16,0.05,9.92,0.21,-0.17,-0.01
0.05,-0.12,9.69,-0.04,-0.05,-0.01,-0.18,0.38,10.30,-0.00,-0.01,-0.01
-0.25,-0.42,9.93,0.12,-0.20,-0.01,-0.33,0.09,9.77,0.12,-0.13,0.00
-0.44,-0.42,9.93,-0.08,0.02,-0.01,-0.61,-0.26,9.79,-0.01,-0.01,-0.00
-0.33,-0.55,10.20,0.25,-0.28,-0.03,-0.61,-0.26,9.79,-0.01,-0.01,-0.00
-0.37,-0.40,9.53,-0.02,-0.05,-0.00,-0.11,0.20,9.99,-0.03,-0.01,-0.01
-0.03,-0.13,9.89,0.06,-0.12,-0.01,-0.11,0.23,10.10,0.02,-0.04,-0.01
-0.07,-0.14,9.77,0.16,-0.16,-0.03,-0.32,0.07,9.94,0.06,0.01,-0.03
-0.23,-0.25,9.96,0.09,-0.14,-0.01,-0.22,0.12,9.91,0.07,-0.08,0.00
-0.15,-0.11,9.89,0.06,-0.08,-0.01,-0.22,0.12,9.91,0.07,-0.08,0.00
-0.28,-0.11,9.98,0.06,-0.11,-0.00,-0.17,0.18,9.96,0.02,-0.01,0.01
-0.12,-0.07,9.92,0.02,-0.08,-0.01,-0.11,0.29,10.14,0.05,-0.08,0.00
-0.31,-0.24,9.91,0.03,-0.06,-0.05,-0.45,0.10,9.87,0.00,-0.01,-0.05
-0.24,-0.17,9.90,0.05,-0.11,-0.01,-0.45,0.10,9.87,0.00,-0.01,-0.05
